{"topology": [2, 5, 1], "weight_matrices": [[[0.02464999688131289, -0.08518084117744672], [-0.054594951838109966, -0.06524160533866766], [-0.05939935171937625, -0.03417292505974892], [0.6489775737108637, 0.5944247150890953], [0.4469115879837003, 0.6005723669189407]], [[0.026153612245652064, 0.035589910978599176, -0.11017801844501869, -0.0015790318131546745, 0.03058065909809915]]]}